,fiyat,ekran_boyutu,islemci_cekirdek_sayisi,islemci_hizi,disk_tipi,ram_tipi,gpu_model,parmak_izi_okuyucu,isletim_sistemi,ekran_cozunurluk,ram_miktari,gpu_miktari,disk_kapasitesi,hdmi,marka
0,32499,17.3,14,3.5,SSD,DDR4,Paylasimsiz,Yok,Freedos,1920 x 1080,32,6.0,1024,Var,Monster
1,29498,16.1,14,3.5,SSD,DDR5,Paylasimsiz,Yok,Freedos,1920 x 1080,16,6.0,1024,Var,HP
2,25899,17.3,8,2.3,SSD,DDR4,Paylasimsiz,Yok,Freedos,1920 x 1080,16,6.0,500,Var,Monster
4,7922,23.8,4,3.2,HDD-SSD,DDR4,Paylasimli,Yok,Linux,1920 x 1080,16,4.0,1280,Yok,Aizen
5,9067,24,4,3.2,HDD-SSD,DDR4,Paylasimli,Yok,Linux,1920 x 1080,16,4.0,1280,Yok,Aizen
6,5369,Diðer,4,3.2,HDD-SSD,DDR4,Paylasimli,Yok,Freedos,1920 x 1080,16,4.0,1152,Yok,Diðer
7,11969,24,4,3.6,HDD-SSD,DDR4,Paylasimli,Yok,Freedos,1920 x 1080,16,4.0,1264,Yok,Biggamex
8,21219,16.1,12,3.3,SSD,DDR5,Paylasimsiz,Yok,Freedos,1920 x 1080,16,4.0,512,Var,HP
10,11999,15.6,4,2.4,SSD,DDR4,Paylasimsiz,Yok,Freedos,1920 x 1080,8,2.0,512,Var,Acer
11,18699,15.6,6,2.6,SSD,DDR4,Paylasimsiz,Yok,Linux,1920 x 1080,16,4.0,512,Var,Dell
12,19549,15.6,6,2.7,SSD,DDR4,Paylasimsiz,Yok,Freedos,1920 x 1080,16,4.0,500,Var,Monster
13,24499,15.6,14,3.5,SSD,DDR4,Paylasimsiz,Yok,Freedos,1920 x 1080,16,4.0,1024,Var,HP
14,25526,15.6,14,3.5,SSD,DDR4,Paylasimsiz,Yok,Linux,1920 x 1080,16,4.0,512,Yok,Dell
15,31399,15.6,8,3.2,SSD,DDR5,Paylasimsiz,Yok,Freedos,1920 x 1080,16,6.0,512,Var,Asus
16,24949,17.3,14,3.5,SSD,DDR4,Paylasimsiz,Yok,Freedos,1920 x 1080,16,4.0,1024,Var,Monster
17,11359,15.6,4,1.0,SSD,DDR4,Paylasimsiz,Yok,Freedos,1920 x 1080,8,2.0,256,Var,Asus
19,19999,15.6,12,3.3,SSD,DDR4,Paylasimsiz,Yok,Freedos,1920 x 1080,16,4.0,500,Var,Monster
20,23899,17.3,14,3.5,SSD,DDR4,Paylasimsiz,Yok,Freedos,1920 x 1080,16,4.0,500,Var,Monster
21,15899,15.6,4,2.5,SSD,DDR4,Paylasimsiz,Yok,Freedos,1920 x 1080,8,4.0,512,Var,Asus
24,18334,15.6,8,3.3,SSD,DDR4,Paylasimsiz,Yok,Freedos,1920 x 1080,16,4.0,500,Var,Casper
25,19779,15.6,12,3.3,SSD,DDR4,Paylasimsiz,Yok,Freedos,1920 x 1080,16,4.0,500,Var,Monster
26,15149,15.6,6,3.3,SSD,DDR4,Paylasimsiz,Yok,Freedos,1920 x 1080,8,4.0,512,Var,Acer
27,24699,15.6,8,2.9,SSD,DDR4,Paylasimsiz,Yok,Freedos,1920 x 1080,16,4.0,1024,Var,Asus
28,20199,15.6,12,3.3,SSD,DDR4,Paylasimsiz,Yok,Freedos,1920 x 1080,16,4.0,1024,Var,Monster
29,18799,15.6,6,2.7,SSD,DDR4,Paylasimsiz,Yok,Freedos,1920 x 1080,8,4.0,500,Var,Monster
30,31199,15.6,8,2.3,SSD,DDR4,Paylasimsiz,Yok,Freedos,1920 x 1080,16,8.0,512,Var,Acer
31,22449,17.3,12,3.3,SSD,DDR4,Paylasimsiz,Yok,Freedos,1920 x 1080,16,4.0,500,Var,Monster
32,27699,16.1,14,3.5,SSD,DDR5,Paylasimsiz,Yok,Freedos,1920 x 1080,16,6.0,512,Var,HP
33,19009,15.6,8,3.3,SSD,DDR4,Paylasimsiz,Yok,Freedos,1920 x 1080,16,4.0,1024,Var,Casper
37,20249,15.6,12,3.3,SSD,DDR4,Paylasimsiz,Yok,Freedos,1920 x 1080,16,4.0,1024,Var,HP
38,16299,15.6,4,2.5,SSD,DDR4,Paylasimsiz,Yok,Freedos,1920 x 1080,8,4.0,512,Yok,Asus
39,17949,16.1,12,3.3,SSD,DDR5,Paylasimsiz,Yok,Freedos,1920 x 1080,8,4.0,512,Var,HP
40,21036,15.6,6,3.3,SSD,DDR4,Paylasimsiz,Yok,Freedos,1920 x 1080,16,6.0,512,Var,Gigabyte
41,21399,16.1,12,3.3,SSD,DDR5,Paylasimsiz,Yok,Freedos,1920 x 1080,16,4.0,512,Var,HP
42,18799,15.6,6,2.7,SSD,DDR4,Paylasimsiz,Yok,Freedos,1920 x 1080,16,4.0,500,Var,Monster
43,20939,15.6,8,3.3,SSD,DDR4,Paylasimsiz,Yok,Freedos,1920 x 1080,32,4.0,1024,Var,Casper
47,16895,15.6,8,3.3,SSD,DDR4,Paylasimsiz,Yok,Freedos,1920 x 1080,16,4.0,500,Var,Casper
48,18239,15.6,8,3.3,SSD,DDR4,Paylasimsiz,Yok,Freedos,1920 x 1080,16,4.0,500,Var,Casper
49,25999,15.6,14,3.5,SSD,DDR4,Paylasimsiz,Yok,Freedos,1920 x 1080,16,4.0,512,Var,Acer
50,18349,16.1,6,3.3,SSD,DDR4,Paylasimsiz,Yok,Freedos,1920 x 1080,8,4.0,512,Var,HP
56,25698,14,8,3.3,SSD,DDR4,Paylasimsiz,Yok,Freedos,random_cznrlk,16,4.0,1024,Var,Asus
59,11699,15.6,4,2.4,SSD,DDR4,Paylasimsiz,Yok,Freedos,1920 x 1080,8,2.0,256,Var,Asus
61,19289,15.6,12,3.3,SSD,other_ram,Paylasimsiz,Yok,Freedos,1920 x 1080,16,4.0,512,Yok,Asus
62,23599,16.1,14,3.5,SSD,DDR5,Paylasimsiz,Yok,Freedos,1920 x 1080,16,4.0,512,Var,HP
63,19974,15.6,8,3.3,SSD,DDR4,Paylasimsiz,Yok,Freedos,1920 x 1080,16,4.0,1024,Var,Casper
64,18999,15.6,6,2.7,SSD,DDR4,Paylasimsiz,Yok,Freedos,1920 x 1080,8,4.0,512,Var,Asus
65,22099,15.6,8,2.9,SSD,DDR4,Paylasimsiz,Yok,Freedos,1920 x 1080,16,4.0,512,Var,Asus
66,16549,15.6,4,2.5,SSD,DDR4,Paylasimsiz,Yok,Freedos,1920 x 1080,8,4.0,512,Var,Asus
68,23599,17.3,12,3.3,SSD,DDR4,Paylasimsiz,Yok,Freedos,1920 x 1080,16,4.0,1024,Var,Monster
72,22749,15.6,8,2.9,SSD,DDR4,Paylasimsiz,Yok,Freedos,1920 x 1080,16,4.0,1024,Var,Asus
73,28688,15.6,14,3.5,SSD,DDR5,Paylasimsiz,Yok,Linux,1920 x 1080,16,6.0,512,Yok,Dell
77,21229,13.3,4,2.8,SSD,DDR4,Paylasimsiz,Var,Windows,1920 x 1080,16,2.0,512,Yok,HP
78,12999,15.6,4,1.6,SSD,DDR4,Paylasimsiz,Yok,Windows,1920 x 1080,8,2.0,512,Var,Lenovo
79,29299,15.6,8,3.2,SSD,DDR5,Paylasimsiz,Yok,Freedos,1920 x 1080,16,6.0,512,Var,Asus
84,13412,15.6,4,2.4,SSD,DDR4,Paylasimsiz,Var,Windows,1920 x 1080,8,2.0,256,Var,HP
86,20399,15.6,6,3.0,SSD,DDR4,Paylasimsiz,Yok,Freedos,1920 x 1080,16,4.0,512,Yok,Asus
88,24299,15.6,14,3.5,SSD,DDR4,Paylasimsiz,Yok,Freedos,1920 x 1080,16,4.0,1024,Var,HP
89,20939,15.6,6,2.7,SSD,DDR4,Paylasimsiz,Yok,Windows,1920 x 1080,16,4.0,500,Var,Monster
90,13669,15.6,10,3.3,SSD,DDR4,Paylasimsiz,Yok,Freedos,1920 x 1080,16,2.0,512,Var,HP
91,30719,17.3,14,3.5,SSD,DDR4,Paylasimsiz,Yok,Windows,1920 x 1080,16,6.0,500,Var,Monster
92,23279,17.3,14,3.5,SSD,DDR4,Paylasimsiz,Yok,Freedos,1920 x 1080,8,4.0,500,Var,Monster
93,32037,17.3,14,3.5,SSD,DDR4,Paylasimsiz,Yok,Windows,1920 x 1080,16,6.0,1024,Var,Monster
94,22999,16.1,6,3.3,SSD,DDR4,Paylasimsiz,Yok,Freedos,1920 x 1080,16,6.0,512,Var,HP
95,20377,15.6,4,1.2,SSD,DDR4,Paylasimsiz,Var,Freedos,1920 x 1080,16,2.0,512,Var,Lenovo
100,31699,15.6,8,3.2,SSD,DDR5,Paylasimsiz,Yok,Freedos,1920 x 1080,16,6.0,512,Var,Asus
102,19299,15.6,12,3.3,SSD,DDR4,Paylasimsiz,Yok,Freedos,1920 x 1080,8,4.0,500,Var,Monster
106,19529,17.3,6,2.7,SSD,DDR4,Paylasimsiz,Yok,Freedos,1920 x 1080,16,4.0,500,Var,Game Garaj
107,21669,17.3,12,3.3,SSD,DDR4,Paylasimsiz,Yok,Freedos,1920 x 1080,8,4.0,500,Var,Monster
108,16061,15.6,4,2.8,SSD,DDR4,Paylasimsiz,Yok,Linux,1920 x 1080,8,2.0,256,Var,Dell
109,21835,17.3,12,3.3,SSD,DDR4,Paylasimsiz,Yok,Freedos,1920 x 1080,16,4.0,500,Var,Game Garaj
113,32630,17.3,8,3.2,SSD,DDR4,Paylasimsiz,Yok,Freedos,1920 x 1080,16,8.0,512,Var,Acer
118,20069,15.6,12,3.3,SSD,DDR4,Paylasimsiz,Yok,Windows,1920 x 1080,16,4.0,500,Var,Monster
121,16114,15.6,6,3.0,SSD,DDR4,Paylasimsiz,Yok,Freedos,1920 x 1080,16,4.0,512,Var,Asus
124,20249,16.1,12,3.3,SSD,DDR5,Paylasimsiz,Yok,Freedos,1920 x 1080,8,4.0,512,Var,HP
130,22784,17.3,12,3.3,SSD,DDR4,Paylasimsiz,Yok,Freedos,1920 x 1080,32,4.0,1024,Var,Game Garaj
131,20499,15.6,8,3.2,SSD,DDR4,Paylasimsiz,Yok,Freedos,1920 x 1080,16,4.0,512,Var,Acer
133,46599,15.6,14,2.3,SSD,DDR5,Paylasimsiz,Yok,Freedos,2560 x 1440,32,8.0,1024,Var,Lenovo
138,19685,15.6,12,3.3,SSD,DDR4,Paylasimsiz,Yok,Freedos,1920 x 1080,16,4.0,1024,Var,Monster
142,19289,15.6,6,2.2,SSD,DDR4,Paylasimsiz,Yok,Windows,1920 x 1080,8,4.0,500,Var,Monster
145,25958,15.6,8,3.2,SSD,DDR4,Paylasimsiz,Yok,Freedos,1920 x 1080,32,4.0,1024,Var,Lenovo
147,20199,15.6,8,3.2,SSD,DDR4,Paylasimsiz,Yok,Freedos,1920 x 1080,16,4.0,512,Var,Acer
148,18099,17.3,4,2.8,SSD,DDR4,Paylasimsiz,Yok,Freedos,1920 x 1080,16,2.0,512,Var,Lenovo
149,28670,16,8,3.2,SSD,DDR4,Paylasimsiz,Var,Windows,random_cznrlk,16,6.0,512,Var,Lenovo
151,12829,15.6,4,2.4,SSD,DDR4,Paylasimsiz,Yok,Freedos,1920 x 1080,16,2.0,256,Var,Lenovo
152,13299,15.6,4,2.4,SSD,DDR4,Paylasimli,Var,Freedos,1920 x 1080,8,2.0,256,Var,Lenovo
157,22582,15.6,4,2.8,SSD,DDR4,Paylasimsiz,Yok,Freedos,1920 x 1080,16,2.0,1024,Var,Lenovo
158,12399,15.6,4,1.0,SSD,DDR4,Paylasimsiz,Yok,Freedos,1920 x 1080,8,2.0,512,Var,Lenovo
159,17989,15.6,6,2.1,SSD,DDR4,Paylasimsiz,Var,Freedos,1920 x 1080,8,4.0,256,Var,Acer
162,28899,15.6,8,3.2,SSD,DDR4,Paylasimsiz,Yok,Freedos,1920 x 1080,16,6.0,512,Var,Asus
163,25799,17.3,14,3.5,SSD,DDR4,Paylasimsiz,Yok,Windows,1920 x 1080,16,4.0,500,Var,Monster
168,25399,16.1,14,3.5,SSD,DDR5,Paylasimsiz,Yok,Freedos,1920 x 1080,16,4.0,512,Var,HP
169,17658,15.6,8,3.3,SSD,DDR4,Paylasimsiz,Yok,Freedos,1920 x 1080,8,4.0,250,Var,Casper
173,17189,15.6,6,2.7,SSD,DDR4,Paylasimsiz,Yok,Linux,1920 x 1080,8,4.0,256,Var,Dell
181,19928,15.6,4,2.8,SSD,DDR4,Paylasimsiz,Yok,Freedos,1920 x 1080,8,2.0,512,Var,Dell
182,38334,15.6,14,3.5,SSD,DDR5,Paylasimsiz,Yok,Freedos,1920 x 1080,64,6.0,512,Var,Dell
185,20457,15.6,8,3.3,SSD,DDR4,Paylasimsiz,Yok,Windows,1920 x 1080,32,4.0,1024,Var,Casper
192,18399,14,4,2.4,SSD,DDR4,Paylasimsiz,Var,Freedos,1920 x 1080,32,2.0,256,Var,Lenovo
199,18141,15.6,8,3.3,SSD,DDR4,Paylasimsiz,Yok,Freedos,1920 x 1080,16,4.0,250,Var,Casper
211,19299,15.6,8,3.3,SSD,DDR4,Paylasimsiz,Yok,Freedos,1920 x 1080,32,4.0,500,Var,Casper
212,16829,15.6,4,2.4,SSD,DDR4,Paylasimsiz,Yok,Windows,1920 x 1080,12,2.0,1024,Var,Lenovo
215,40999,15.6,8,3.2,SSD,DDR5,Paylasimsiz,Yok,Freedos,1920 x 1080,16,8.0,1024,Var,Asus
220,17755,14,4,2.8,SSD,DDR4,Paylasimsiz,Yok,Windows,1920 x 1080,32,2.0,512,Var,Acer
223,13881,15.6,10,3.3,SSD,DDR4,Paylasimsiz,Yok,Freedos,1920 x 1080,8,2.0,512,Var,HP
224,13699,15.6,4,2.4,SSD,DDR4,Paylasimsiz,Yok,Windows,1920 x 1080,16,2.0,256,Var,Lenovo
227,18749,15.6,4,2.5,HDD-SSD,DDR4,Paylasimsiz,Yok,Freedos,1920 x 1080,16,4.0,1280,Var,Asus
228,16599,15.6,4,2.4,SSD,DDR4,Paylasimsiz,Var,Freedos,1920 x 1080,16,2.0,256,Var,Lenovo
231,68699,17.3,14,3.8,SSD,DDR5,Paylasimsiz,Yok,Freedos,2560 x 1440,32,16.0,1024,Var,HP
232,20405,15.6,4,2.5,HDD-SSD,DDR4,Paylasimsiz,Yok,Windows,1920 x 1080,16,4.0,1536,Var,Asus
234,23489,15.6,8,2.9,SSD,DDR4,Paylasimsiz,Yok,Freedos,1920 x 1080,16,4.0,1024,Yok,Asus
236,16850,15.6,4,2.8,SSD,DDR4,Paylasimsiz,Yok,Linux,1920 x 1080,8,2.0,512,Var,Dell
242,21711,15.6,12,3.3,SSD,DDR4,Paylasimsiz,Yok,Windows,1920 x 1080,16,4.0,500,Var,Monster
246,22699,16.1,8,3.2,SSD,DDR5,Paylasimsiz,Yok,Freedos,1920 x 1080,16,4.0,512,Var,HP
247,27687,17.3,10,3.5,HDD-SSD,DDR4,Paylasimsiz,Var,Windows,1920 x 1080,64,2.0,2560,Var,HP
250,20228,17.3,6,2.7,SSD,DDR4,Paylasimsiz,Yok,Freedos,1920 x 1080,16,4.0,1024,Var,Game Garaj
251,72374,17.3,8,3.3,SSD,DDR4,Paylasimsiz,Var,Windows,1920 x 1080,32,6.0,1024,Var,Monster
253,22639,17.3,12,3.3,SSD,DDR4,Paylasimsiz,Yok,Windows,1920 x 1080,8,4.0,500,Var,Monster
258,18720,15.6,8,3.3,SSD,DDR4,Paylasimsiz,Yok,Freedos,1920 x 1080,32,4.0,1024,Var,Casper
265,22999,15.6,8,3.2,SSD,DDR4,Paylasimsiz,Yok,Freedos,1920 x 1080,16,4.0,512,Var,Acer
272,40855,15.6,14,3.5,SSD,DDR5,Paylasimsiz,Yok,Windows,1920 x 1080,64,6.0,1024,Var,Dell
274,18185,15.6,4,2.8,SSD,DDR4,Paylasimsiz,Yok,Windows,1920 x 1080,16,2.0,512,Var,Dell
276,27437,17.3,10,3.5,SSD,DDR4,Paylasimsiz,Yok,Windows,1920 x 1080,64,2.0,1024,Var,HP
279,18570,15.6,4,2.8,SSD,DDR4,Paylasimsiz,Yok,Windows,1920 x 1080,16,2.0,512,Var,Dell
283,21999,15.6,4,2.8,HDD-SSD,DDR4,Paylasimsiz,Yok,Freedos,1920 x 1080,32,2.0,1536,Var,Lenovo
285,22104,15.6,4,2.8,SSD,DDR4,Paylasimsiz,Yok,Windows,1920 x 1080,32,2.0,1024,Var,Dell
291,26953,17.3,10,3.5,SSD,DDR4,Paylasimsiz,Yok,Freedos,1920 x 1080,64,2.0,2048,Var,HP
294,18191,14,4,2.4,SSD,DDR4,Paylasimsiz,Yok,Windows,1920 x 1080,16,2.0,512,Var,Dell
300,19999,15.6,4,3.2,SSD,DDR4,Paylasimsiz,Yok,Freedos,1920 x 1080,16,4.0,512,Var,Lenovo
301,17299,15.6,8,3.3,SSD,DDR4,Paylasimsiz,Yok,Windows,1920 x 1080,8,4.0,500,Var,Casper
302,22449,17.3,8,2.3,SSD,DDR4,Paylasimsiz,Yok,Freedos,1920 x 1080,16,4.0,500,Var,Monster
303,42124,17.3,14,3.5,SSD,DDR5,Paylasimsiz,Yok,Freedos,1920 x 1080,32,8.0,1024,Var,Game Garaj
306,18380,14,4,2.8,SSD,DDR4,Paylasimsiz,Yok,Windows,1920 x 1080,32,2.0,1024,Var,Acer
307,34128,15.6,14,3.5,SSD,DDR5,Paylasimsiz,Yok,Linux,1920 x 1080,16,6.0,1024,Var,Dell
308,16736,17.3,4,1.3,SSD,DDR4,Paylasimsiz,Yok,Freedos,1920 x 1080,8,2.0,256,Var,Lenovo
309,15999,17.3,4,1.3,SSD,DDR4,Paylasimsiz,Yok,Freedos,1920 x 1080,12,2.0,512,Var,Lenovo
312,16307,15.6,8,3.3,SSD,DDR4,Paylasimsiz,Yok,Freedos,1920 x 1080,8,4.0,250,Var,Casper
313,19774,15.6,8,3.3,SSD,DDR4,Paylasimsiz,Yok,Freedos,1920 x 1080,32,4.0,500,Var,Casper
314,20999,15.6,8,3.2,SSD,DDR4,Paylasimsiz,Yok,Freedos,1920 x 1080,16,4.0,512,Var,Lenovo
322,24993,15.6,4,3.3,SSD,DDR4,Paylasimsiz,Yok,Windows,1920 x 1080,16,4.0,512,Var,HP
328,40418,15.6,6,2.9,SSD,DDR4,Paylasimsiz,Yok,Freedos,2560 x 1440,64,6.0,1024,Var,Lenovo
336,22194,15.6,4,2.8,SSD,DDR4,Paylasimsiz,Var,Windows,1920 x 1080,16,2.0,512,Var,Lenovo
338,9953,15.6,2,1.2,SSD,DDR4,Paylasimsiz,Yok,Windows,1920 x 1080,4,2.0,128,Var,HP
340,17890,15.6,4,2.4,SSD,DDR4,Paylasimsiz,Yok,Windows,1920 x 1080,16,2.0,512,Var,Lenovo
341,25997,15.6,8,3.2,SSD,DDR4,Paylasimsiz,Yok,Freedos,1920 x 1080,16,6.0,512,Var,Lenovo
345,26016,17.3,10,3.5,SSD,DDR4,Paylasimsiz,Yok,Windows,1920 x 1080,32,2.0,2048,Var,HP
353,36862,15.6,14,3.5,SSD,DDR4,Paylasimsiz,Yok,Windows,1920 x 1080,16,8.0,512,Yok,Gigabyte
363,23641,15.6,8,3.3,SSD,DDR4,Paylasimsiz,Yok,Windows,1920 x 1080,32,4.0,1024,Var,Casper
367,25262,15.6,8,2.9,SSD,DDR4,Paylasimsiz,Yok,Freedos,1920 x 1080,16,4.0,1024,Yok,Asus
388,19007,15.6,8,3.3,SSD,DDR4,Paylasimsiz,Yok,Freedos,1920 x 1080,32,4.0,1024,Var,Casper
391,19847,15.6,4,2.8,SSD,DDR4,Paylasimsiz,Yok,Windows,1920 x 1080,16,2.0,1024,Var,Dell
392,21393,15.6,8,3.2,SSD,DDR4,Paylasimsiz,Yok,Freedos,1920 x 1080,32,4.0,512,Var,HP
399,18140,17.3,4,1.3,SSD,DDR4,Paylasimsiz,Yok,Windows,1920 x 1080,12,2.0,500,Var,Lenovo
401,13673,15.6,4,2.4,SSD,DDR4,Paylasimsiz,Yok,Freedos,1920 x 1080,8,2.0,512,Var,HP
410,20264,15.6,12,3.3,SSD,DDR4,Paylasimsiz,Yok,Windows,1920 x 1080,8,4.0,500,Var,Monster
421,37538,15.6,6,2.9,SSD,DDR4,Paylasimsiz,Yok,Freedos,2560 x 1440,32,6.0,1024,Var,Lenovo
423,17997,15.6,4,2.5,SSD,DDR4,Paylasimsiz,Yok,Freedos,1920 x 1080,8,4.0,512,Var,Lenovo
425,18850,15.6,10,3.3,SSD,DDR4,Paylasimsiz,Yok,Windows,1920 x 1080,16,2.0,512,Var,HP
433,33133,15.6,8,2.3,SSD,DDR4,Paylasimsiz,Yok,Freedos,1920 x 1080,32,6.0,512,Var,Dell
439,21615,15.6,12,3.3,SSD,DDR4,Paylasimsiz,Yok,Windows,1920 x 1080,16,4.0,500,Var,Monster
440,24992,17.3,10,3.5,HDD-SSD,DDR4,Paylasimsiz,Var,Windows,1920 x 1080,32,2.0,2560,Var,HP
441,20776,15.6,4,2.4,SSD,DDR4,Paylasimsiz,Var,Windows,1920 x 1080,32,2.0,512,Var,Lenovo
443,19321,14,4,2.4,SSD,DDR4,Paylasimsiz,Var,Windows,1920 x 1080,16,2.0,1024,Var,Lenovo
449,20939,15.6,8,3.3,SSD,DDR4,Paylasimsiz,Yok,Freedos,1920 x 1080,64,4.0,1024,Var,Casper
450,27034,15.6,8,3.2,SSD,other_ram,Paylasimsiz,Yok,Freedos,1920 x 1080,16,4.0,512,Var,Asus
452,22242,15.6,8,3.2,SSD,DDR4,Paylasimsiz,Yok,Freedos,1920 x 1080,32,4.0,1536,Var,HP
453,22172,15.6,10,3.5,SSD,DDR4,Paylasimsiz,Yok,Windows,1920 x 1080,32,2.0,1024,Var,HP
455,14290,15.6,4,2.4,HDD-SSD,DDR4,Paylasimsiz,Yok,Freedos,1920 x 1080,12,2.0,1280,Var,Lenovo
458,23521,15.6,8,3.2,HDD-SSD,DDR4,Paylasimsiz,Yok,Freedos,1920 x 1080,16,4.0,1280,Var,Lenovo
459,17948,15.6,8,3.3,SSD,DDR4,Paylasimsiz,Yok,Freedos,1920 x 1080,32,4.0,500,Var,Casper
475,17489,15.6,4,2.8,HDD-SSD,DDR4,Paylasimsiz,Yok,Linux,1920 x 1080,16,2.0,1280,Var,Dell
476,13557,15.6,4,2.4,SSD,DDR4,Paylasimsiz,Yok,Freedos,1920 x 1080,16,2.0,512,Var,HP
486,13786,15.6,4,2.4,SSD,DDR4,Paylasimsiz,Yok,Freedos,1920 x 1080,12,2.0,512,Var,Lenovo
487,14199,15.6,10,3.3,SSD,DDR4,Paylasimsiz,Yok,Freedos,1920 x 1080,8,2.0,512,Var,HP
490,17800,15.6,6,2.7,SSD,DDR4,Paylasimsiz,Yok,Freedos,1920 x 1080,16,4.0,500,Yok,Casper
493,11455,15.6,4,1.6,SSD,DDR4,Paylasimsiz,Yok,Windows,1920 x 1080,8,2.0,240,Var,Casper
498,18816,15.6,8,3.3,SSD,DDR4,Paylasimsiz,Yok,Windows,1920 x 1080,8,4.0,500,Var,Casper
514,18200,15.6,4,2.6,SSD,DDR4,Paylasimsiz,Yok,Windows,1920 x 1080,8,4.0,500,Yok,Casper
518,24991,15.6,4,3.4,SSD,DDR4,Paylasimsiz,Yok,Freedos,1920 x 1080,16,4.0,512,Var,Lenovo
531,17755,15.6,6,3.3,SSD,DDR4,Paylasimsiz,Yok,Windows,1920 x 1080,8,4.0,256,Var,Dell
533,17639,15.6,4,2.4,SSD,DDR4,Paylasimsiz,Yok,Freedos,1920 x 1080,40,2.0,512,Var,Lenovo
534,24234,15.6,4,2.8,SSD,DDR4,Paylasimsiz,Yok,Freedos,1920 x 1080,32,2.0,1024,Var,Lenovo
535,26926,15.6,8,2.9,SSD,DDR4,Paylasimsiz,Yok,Freedos,1920 x 1080,32,4.0,1024,Var,Asus
536,31500,15.6,8,2.9,SSD,DDR4,Paylasimsiz,Yok,Freedos,1920 x 1080,64,4.0,2048,Var,Asus
538,17080,15.6,4,2.4,SSD,DDR4,Paylasimsiz,Yok,Freedos,1920 x 1080,8,2.0,512,Var,Lenovo
539,20669,15.6,6,3.3,HDD-SSD,DDR4,Paylasimsiz,Yok,Freedos,1920 x 1080,16,4.0,1280,Var,Lenovo
543,26100,15.6,4,2.8,SSD,DDR4,Paylasimsiz,Var,Windows,1920 x 1080,8,2.0,256,Var,Lenovo
545,27973,14,4,2.8,SSD,DDR4,Paylasimsiz,Yok,Windows,1920 x 1080,8,2.0,2048,Var,Lenovo
549,43499,15.6,8,3.2,SSD,DDR4,Paylasimsiz,Yok,Windows,1920 x 1080,16,8.0,1024,Yok,Dell
553,25684,15.6,4,2.8,SSD,DDR4,Paylasimsiz,Yok,Windows,1920 x 1080,32,2.0,512,Var,Lenovo
557,22098,15.6,4,2.8,SSD,DDR4,Paylasimsiz,Var,Windows,1920 x 1080,16,2.0,256,Var,Lenovo
559,37849,15.6,14,3.5,SSD,DDR5,Paylasimsiz,Yok,Windows,1920 x 1080,16,6.0,1024,Var,Dell
560,24535,15.6,4,2.8,SSD,DDR4,Paylasimsiz,Yok,Windows,1920 x 1080,8,2.0,256,Var,Lenovo
562,24790,15.6,4,2.8,SSD,DDR4,Paylasimsiz,Yok,Windows,1920 x 1080,32,2.0,256,Var,Lenovo
563,23479,15.6,4,2.5,SSD,DDR4,Paylasimsiz,Yok,Windows,1920 x 1080,16,4.0,256,Var,Lenovo
568,33220,14,4,2.8,SSD,DDR4,Paylasimsiz,Var,Freedos,1920 x 1080,20,4.0,512,Var,Lenovo
572,16401,14,4,2.8,SSD,DDR4,Paylasimsiz,Yok,Windows,1920 x 1080,8,2.0,500,Var,Acer
573,55940,15.6,8,2.3,SSD,DDR4,Paylasimsiz,Var,Windows,1920 x 1080,36,4.0,1024,Var,Lenovo
575,26515,14,4,2.8,SSD,DDR4,Paylasimsiz,Yok,Windows,1920 x 1080,8,2.0,512,Var,Lenovo
582,41704,15.6,6,2.9,SSD,DDR4,Paylasimsiz,Yok,Windows,2560 x 1440,20,6.0,500,Var,Lenovo
583,63149,17.3,8,2.3,SSD,DDR4,Paylasimsiz,Var,Windows,1920 x 1080,20,4.0,512,Var,Lenovo
587,25797,14,4,2.8,SSD,DDR4,Paylasimsiz,Yok,Windows,1920 x 1080,8,2.0,500,Var,Lenovo
588,47276,15.6,8,2.3,SSD,DDR4,Paylasimsiz,Yok,Windows,1920 x 1080,20,4.0,512,Var,Lenovo
590,28784,15.6,4,2.8,SSD,DDR4,Paylasimsiz,Yok,Windows,1920 x 1080,32,2.0,2048,Var,Lenovo
591,19126,15.6,4,2.4,SSD,DDR4,Paylasimsiz,Var,Freedos,1920 x 1080,32,2.0,256,Var,Lenovo
594,27941,15.6,4,2.8,SSD,DDR4,Paylasimsiz,Yok,Windows,1920 x 1080,32,2.0,1536,Var,Lenovo
596,42074,15.6,8,2.3,SSD,DDR4,Paylasimsiz,Var,Windows,1920 x 1080,24,4.0,1024,Var,Lenovo
599,54558,15.6,8,2.3,SSD,DDR4,Paylasimsiz,Var,Windows,1920 x 1080,16,4.0,1024,Var,Lenovo
600,47146,15.6,8,2.3,SSD,DDR4,Paylasimsiz,Yok,Windows,1920 x 1080,16,4.0,512,Var,Lenovo
602,41195,15.6,8,2.3,SSD,DDR4,Paylasimsiz,Var,Windows,1920 x 1080,32,4.0,256,Var,Lenovo
605,42163,15.6,6,2.9,SSD,DDR4,Paylasimsiz,Yok,Freedos,2560 x 1440,20,6.0,2048,Var,Lenovo
607,22657,15.6,4,2.5,SSD,DDR4,Paylasimsiz,Yok,Freedos,1920 x 1080,16,4.0,256,Var,Lenovo
608,13779,15.6,4,2.4,SSD,DDR4,Paylasimsiz,Yok,Freedos,1920 x 1080,8,2.0,1024,Var,HP
610,16746,15.6,4,2.8,SSD,DDR4,Paylasimsiz,Yok,Linux,1920 x 1080,16,2.0,256,Var,Dell
614,22572,15.6,4,2.5,HDD-SSD,DDR4,Paylasimsiz,Yok,Windows,1920 x 1080,16,4.0,3072,Var,Asus
615,26394,15.6,4,2.5,HDD-SSD,DDR4,Paylasimsiz,Yok,Windows,1920 x 1080,32,4.0,3072,Var,Asus
616,18547,15.6,4,2.8,SSD,DDR4,Paylasimsiz,Yok,Windows,1920 x 1080,16,2.0,256,Var,Dell
618,19466,15.6,4,2.8,HDD-SSD,DDR4,Paylasimsiz,Yok,Windows,1920 x 1080,8,2.0,2560,Var,Dell
619,17317,15.6,4,2.8,HDD-SSD,DDR4,Paylasimsiz,Yok,Linux,1920 x 1080,8,2.0,1536,Var,Dell
622,34926,14,4,2.8,SSD,DDR4,Paylasimsiz,Var,Windows,1920 x 1080,32,2.0,1024,Var,Lenovo
624,31236,14,4,2.8,SSD,DDR4,Paylasimsiz,Var,Windows,1920 x 1080,8,2.0,2048,Var,Lenovo
629,44253,15.6,6,2.9,SSD,DDR4,Paylasimsiz,Yok,Windows,2560 x 1440,32,6.0,2048,Var,Lenovo
630,28042,14,4,2.8,SSD,DDR4,Paylasimsiz,Var,Windows,1920 x 1080,8,2.0,1280,Var,Lenovo
633,44084,15.6,6,2.9,SSD,DDR4,Paylasimsiz,Yok,Windows,2560 x 1440,48,6.0,1024,Var,Lenovo
638,27148,15.6,8,3.2,HDD-SSD,DDR4,Paylasimsiz,Yok,Windows,1920 x 1080,32,4.0,1536,Var,Lenovo
640,30605,14,4,2.8,SSD,DDR4,Paylasimsiz,Var,Windows,1920 x 1080,32,2.0,1280,Var,Lenovo
642,50802,15.6,8,2.3,SSD,DDR4,Paylasimsiz,Yok,Windows,1920 x 1080,32,4.0,2048,Var,Lenovo
644,27505,15.6,4,2.8,SSD,DDR4,Paylasimsiz,Yok,Windows,1920 x 1080,8,2.0,2048,Var,Lenovo
648,56758,15.6,8,3.5,SSD,DDR4,Paylasimsiz,Yok,Windows,1920 x 1080,36,4.0,2048,Var,Lenovo
652,51064,15.6,8,2.3,SSD,DDR4,Paylasimsiz,Yok,Windows,1920 x 1080,40,4.0,2048,Var,Lenovo
657,28701,14,4,2.8,SSD,DDR4,Paylasimsiz,Var,Windows,1920 x 1080,16,2.0,1280,Var,Lenovo
664,20570,15.6,4,2.8,SSD,DDR4,Paylasimsiz,Yok,Windows,1920 x 1080,16,2.0,1024,Var,Dell
665,18193,15.6,4,2.8,SSD,DDR4,Paylasimsiz,Yok,Windows,1920 x 1080,16,2.0,256,Var,Dell
667,18689,15.6,4,2.8,HDD-SSD,DDR4,Paylasimsiz,Yok,Linux,1920 x 1080,16,2.0,2304,Var,Dell
669,22062,15.6,4,2.5,HDD-SSD,DDR4,Paylasimsiz,Yok,Windows,1920 x 1080,16,4.0,2048,Var,Asus
670,19874,15.6,4,2.8,HDD-SSD,DDR4,Paylasimsiz,Yok,Linux,1920 x 1080,32,2.0,1536,Var,Dell
672,25101,15.6,4,2.8,SSD,DDR4,Paylasimsiz,Yok,Windows,1920 x 1080,64,2.0,2048,Var,Dell
674,22826,15.6,4,2.5,HDD-SSD,DDR4,Paylasimsiz,Yok,Windows,1920 x 1080,32,4.0,2560,Var,Asus
675,19243,15.6,4,2.8,SSD,DDR4,Paylasimsiz,Yok,Windows,1920 x 1080,16,2.0,512,Var,Dell
676,27320,17.3,10,3.5,HDD-SSD,DDR4,Paylasimsiz,Var,Windows,1920 x 1080,64,2.0,2560,Var,HP
678,20532,15.6,4,2.8,HDD-SSD,DDR4,Paylasimsiz,Yok,Linux,1920 x 1080,32,2.0,2560,Var,Dell
689,22387,15.6,6,2.7,SSD,DDR4,Paylasimsiz,Yok,Windows,1920 x 1080,16,4.0,512,Var,Acer
692,22611,15.6,4,2.8,SSD,DDR4,Paylasimsiz,Yok,Windows,1920 x 1080,32,2.0,512,Var,Dell
693,101131,15.6,8,2.6,SSD,DDR4,Paylasimsiz,Var,Windows,1920 x 1080,64,8.0,512,Var,Lenovo
695,21348,14,4,2.8,HDD-SSD,DDR4,Paylasimsiz,Yok,Windows,1920 x 1080,64,2.0,1536,Var,Acer
696,39226,16,8,3.3,SSD,DDR4,Paylasimsiz,Yok,Windows,random_cznrlk,32,6.0,2048,Yok,Lenovo
697,104913,17.3,8,2.1,SSD,DDR4,Paylasimsiz,Var,Windows,random_cznrlk,128,6.0,1024,Var,HP
698,17206,15.6,4,2.4,HDD-SSD,DDR4,Paylasimsiz,Yok,Freedos,1920 x 1080,32,2.0,1536,Var,Dell
703,44380,15.6,8,2.3,SSD,DDR4,Paylasimsiz,Var,Windows,1920 x 1080,24,4.0,2048,Var,Lenovo
710,25120,15.6,4,2.5,SSD,DDR4,Paylasimsiz,Yok,Windows,1920 x 1080,64,4.0,512,Var,Asus
715,25148,15.6,8,3.2,SSD,DDR4,Paylasimsiz,Yok,Windows,1920 x 1080,16,4.0,512,Var,Lenovo
720,24269,15.6,4,2.8,SSD,DDR4,Paylasimsiz,Yok,Windows,1920 x 1080,32,2.0,256,Var,Lenovo
722,42546,15.6,6,2.9,SSD,DDR4,Paylasimsiz,Yok,Windows,2560 x 1440,16,6.0,1536,Var,Lenovo
723,42424,15.6,6,2.9,SSD,DDR4,Paylasimsiz,Yok,Windows,2560 x 1440,16,6.0,2048,Var,Lenovo
725,23586,15.6,4,2.8,SSD,DDR4,Paylasimsiz,Yok,Freedos,1920 x 1080,32,2.0,1024,Var,Lenovo
729,40599,15.6,8,2.3,SSD,DDR4,Paylasimsiz,Var,Windows,1920 x 1080,16,4.0,512,Var,Lenovo
730,54015,15.6,8,3.5,SSD,DDR4,Paylasimsiz,Yok,Windows,1920 x 1080,40,4.0,1024,Var,Lenovo
731,24984,15.6,4,2.8,SSD,DDR4,Paylasimsiz,Var,Windows,1920 x 1080,16,2.0,1024,Var,Lenovo
732,25052,15.6,4,2.8,SSD,DDR4,Paylasimsiz,Yok,Windows,1920 x 1080,8,2.0,1280,Var,Lenovo
734,40835,15.6,8,2.3,SSD,DDR4,Paylasimsiz,Var,Windows,1920 x 1080,24,4.0,512,Var,Lenovo
737,24302,15.6,4,2.8,SSD,DDR4,Paylasimsiz,Yok,Windows,1920 x 1080,8,2.0,256,Var,Lenovo
745,27999,15.6,6,2.5,HDD-SSD,DDR4,Paylasimsiz,Yok,Freedos,1920 x 1080,32,4.0,1524,Var,Casper
754,82217,17,14,3.7,SSD,DDR5,Paylasimsiz,Var,Windows,1920 x 1200,64,8.0,1536,Yok,Dell
755,38357,15.6,10,3.6,SSD,DDR5,Paylasimsiz,Yok,Windows,1920 x 1080,32,4.0,512,Var,Dell
756,43746,15.6,6,2.9,SSD,DDR4,Paylasimsiz,Yok,Windows,2560 x 1440,64,6.0,1024,Var,Lenovo
758,25928,15.6,10,3.5,SSD,DDR4,Paylasimsiz,Var,Freedos,1920 x 1080,40,2.0,512,Var,Lenovo
759,30260,17.3,10,3.5,HDD-SSD,DDR4,Paylasimsiz,Var,Windows,1920 x 1080,64,2.0,4096,Var,HP
760,20087,17.3,4,1.3,HDD-SSD,DDR4,Paylasimsiz,Yok,Windows,1920 x 1080,12,2.0,1280,Var,Lenovo
761,24910,15.6,4,2.8,SSD,DDR4,Paylasimsiz,Yok,Windows,1920 x 1080,8,2.0,512,Var,Lenovo
763,20369,14,4,2.8,SSD,DDR4,Paylasimsiz,Yok,Windows,1920 x 1080,16,2.0,2048,Var,Acer
765,27167,15.6,4,2.8,SSD,DDR4,Paylasimsiz,Var,Windows,1920 x 1080,16,2.0,1536,Var,Lenovo
767,22238,14,4,2.8,SSD,DDR4,Paylasimsiz,Yok,Freedos,1920 x 1080,16,2.0,512,Var,Lenovo
768,21932,15.6,4,2.8,SSD,DDR4,Paylasimsiz,Var,Freedos,1920 x 1080,16,2.0,1024,Var,Lenovo
769,16051,14,4,2.8,HDD,DDR4,Paylasimsiz,Yok,Windows,1920 x 1080,8,2.0,1024,Var,Acer
774,24234,15.6,4,2.8,SSD,DDR4,Paylasimsiz,Yok,Windows,1920 x 1080,8,2.0,512,Var,Lenovo
776,43593,15.6,8,2.3,SSD,DDR4,Paylasimsiz,Var,Windows,1920 x 1080,16,4.0,2048,Var,Lenovo
780,22062,15.6,4,2.5,HDD-SSD,DDR4,Paylasimsiz,Yok,Windows,1920 x 1080,16,4.0,2048,Var,Asus
783,19004,15.6,4,2.5,SSD,DDR4,Paylasimsiz,Yok,Windows,1920 x 1080,16,4.0,256,Var,Asus
784,28300,17.3,10,3.5,HDD-SSD,DDR4,Paylasimsiz,Var,Windows,1920 x 1080,64,2.0,2048,Var,HP
786,18665,15.6,4,2.8,SSD,DDR4,Paylasimsiz,Yok,Windows,1920 x 1080,16,2.0,512,Var,Dell
791,23213,15.6,4,2.8,SSD,DDR4,Paylasimsiz,Yok,Freedos,1920 x 1080,16,2.0,1024,Var,Lenovo
792,40849,15.6,6,2.9,SSD,DDR4,Paylasimsiz,Yok,Windows,2560 x 1440,20,6.0,512,Var,Lenovo
794,19998,15.6,4,2.4,SSD,DDR4,Paylasimsiz,Var,Windows,1920 x 1080,32,2.0,500,Var,Lenovo
796,24111,14,4,2.8,SSD,DDR4,Paylasimsiz,Yok,Windows,1920 x 1080,8,2.0,512,Var,Lenovo
807,28621,15.6,4,2.8,SSD,DDR4,Paylasimsiz,Var,Windows,1920 x 1080,16,2.0,1024,Var,Lenovo
820,43552,15.6,14,3.7,SSD,DDR5,Paylasimsiz,Yok,Windows,1920 x 1080,16,4.0,1536,Var,Dell
824,33717,14,4,2.8,SSD,DDR4,Paylasimsiz,Var,Windows,1920 x 1080,16,2.0,512,Var,Lenovo
825,34401,14,4,2.8,SSD,DDR4,Paylasimsiz,Var,Windows,1920 x 1080,24,2.0,1024,Var,Lenovo
833,20447,15.6,4,2.4,SSD,DDR4,Paylasimsiz,Yok,Freedos,1920 x 1080,32,2.0,1024,Var,Lenovo
834,23240,15.6,4,2.8,SSD,DDR4,Paylasimsiz,Yok,Freedos,1920 x 1080,64,2.0,1024,Var,Dell
836,50924,15.6,8,2.5,SSD,DDR4,Paylasimsiz,Yok,Windows,1920 x 1200,16,4.0,256,Yok,Dell
838,25983,15.6,4,2.8,SSD,DDR4,Paylasimsiz,Var,Windows,1920 x 1080,32,2.0,1024,Var,Lenovo
840,15699,15.6,4,2.4,SSD,DDR4,Paylasimsiz,Yok,Windows,1920 x 1080,12,2.0,256,Var,Lenovo
841,50280,15.6,8,2.3,SSD,DDR4,Paylasimsiz,Yok,Windows,1920 x 1080,24,4.0,2048,Var,Lenovo
842,17847,14,4,2.4,SSD,DDR4,Paylasimsiz,Var,Windows,1920 x 1080,8,2.0,512,Var,Lenovo
845,21934,15.6,4,2.4,SSD,DDR4,Paylasimsiz,Var,Windows,1920 x 1080,16,2.0,1280,Var,Lenovo
849,18962,17.3,4,1.3,SSD,DDR4,Paylasimsiz,Yok,Windows,1920 x 1080,8,2.0,256,Var,Lenovo
851,32468,14,4,2.8,SSD,DDR4,Paylasimsiz,Yok,Freedos,1920 x 1080,16,2.0,1024,Var,Lenovo
853,40490,14,4,2.8,SSD,DDR4,Paylasimsiz,Yok,Windows,1920 x 1080,32,2.0,2048,Var,Lenovo
854,27285,15.6,4,2.8,SSD,DDR4,Paylasimsiz,Yok,Windows,1920 x 1080,32,2.0,1536,Var,Lenovo
855,27834,15.6,4,2.8,SSD,DDR4,Paylasimsiz,Yok,Windows,1920 x 1080,8,2.0,256,Var,Lenovo
857,43222,15.6,8,2.3,SSD,DDR4,Paylasimsiz,Var,Windows,1920 x 1080,20,4.0,2048,Var,Lenovo
859,25375,15.6,4,2.8,SSD,DDR4,Paylasimsiz,Var,Windows,1920 x 1080,32,2.0,512,Var,Lenovo
862,38334,15.6,14,3.5,SSD,DDR5,Paylasimsiz,Yok,Windows,1920 x 1080,24,6.0,1024,Var,Dell
866,19299,15.6,4,2.4,SSD,DDR4,Paylasimsiz,Var,Freedos,1920 x 1080,24,2.0,2048,Var,Lenovo
870,57019,15.6,8,3.5,SSD,DDR4,Paylasimsiz,Yok,Windows,1920 x 1080,32,4.0,2048,Var,Lenovo
871,41211,15.6,6,2.9,SSD,DDR4,Paylasimsiz,Yok,Windows,2560 x 1440,24,6.0,512,Var,Lenovo
872,21619,14,4,2.4,SSD,DDR4,Paylasimsiz,Var,Windows,1920 x 1080,16,2.0,1536,Var,Lenovo
875,43222,15.6,8,2.3,SSD,DDR4,Paylasimsiz,Var,Windows,1920 x 1080,64,4.0,256,Var,Lenovo
876,17167,14,4,2.4,SSD,DDR4,Paylasimsiz,Var,Windows,1920 x 1080,8,2.0,250,Var,Lenovo
877,63275,17.3,8,2.3,SSD,DDR4,Paylasimsiz,Var,Windows,1920 x 1080,16,4.0,1024,Var,Lenovo
878,39005,15.6,14,3.5,SSD,DDR5,Paylasimsiz,Yok,Freedos,1920 x 1080,64,6.0,1024,Var,Dell
881,94998,17.3,14,3.5,HDD,DDR5,Paylasimsiz,Yok,Windows,1920 x 1080,32,16.0,1024,Yok,Msi
882,22321,14,4,2.4,SSD,DDR4,Paylasimsiz,Var,Windows,1920 x 1080,32,2.0,1280,Var,Lenovo
886,45461,15.6,6,2.9,SSD,DDR4,Paylasimsiz,Yok,Windows,2560 x 1440,24,6.0,2048,Var,Lenovo
887,25639,15.6,4,2.8,SSD,DDR4,Paylasimsiz,Yok,Windows,1920 x 1080,16,2.0,512,Var,Lenovo
889,19999,13.3,4,1.1,SSD,DDR4,Paylasimsiz,Yok,Freedos,1920 x 1080,8,4.0,512,Var,Asus
892,20961,17.3,4,1.3,SSD,DDR4,Paylasimsiz,Yok,Windows,1920 x 1080,12,2.0,1024,Var,Lenovo
893,20961,17.3,4,1.3,HDD-SSD,DDR4,Paylasimsiz,Yok,Windows,1920 x 1080,20,2.0,1280,Var,Lenovo
895,40966,15.6,8,2.3,SSD,DDR4,Paylasimsiz,Var,Windows,1920 x 1080,20,4.0,1024,Var,Lenovo
896,23489,15.6,4,2.8,SSD,DDR4,Paylasimsiz,Yok,Windows,1920 x 1080,8,2.0,256,Var,Lenovo
897,19962,17.3,4,1.3,SSD,DDR4,Paylasimsiz,Yok,Windows,1920 x 1080,12,2.0,512,Var,Lenovo
905,62772,17.3,8,2.3,SSD,DDR4,Paylasimsiz,Var,Windows,1920 x 1080,16,4.0,500,Var,Lenovo
907,14499,15.6,4,2.4,SSD,DDR4,Paylasimsiz,Yok,Freedos,1920 x 1080,16,2.0,1024,Var,Lenovo
908,22230,15.6,4,2.4,SSD,DDR4,Paylasimsiz,Var,Windows,1920 x 1080,32,2.0,1024,Var,Lenovo
911,17847,14,4,2.4,SSD,DDR4,Paylasimsiz,Var,Windows,1920 x 1080,16,2.0,250,Var,Lenovo
914,31603,14,4,2.8,SSD,DDR4,Paylasimsiz,Var,Freedos,1920 x 1080,32,2.0,512,Var,Lenovo
917,27141,15.6,4,2.8,SSD,DDR4,Paylasimsiz,Var,Windows,1920 x 1080,8,2.0,256,Var,Lenovo
923,23497,15.6,4,2.8,SSD,DDR4,Paylasimsiz,Var,Freedos,1920 x 1080,16,2.0,1280,Var,Lenovo
924,47799,15.6,8,2.3,SSD,DDR4,Paylasimsiz,Yok,Windows,1920 x 1080,20,4.0,1024,Var,Lenovo
925,49627,15.6,8,2.3,SSD,DDR4,Paylasimsiz,Yok,Windows,1920 x 1080,20,4.0,2048,Var,Lenovo
926,66038,17.3,8,2.3,SSD,DDR4,Paylasimsiz,Var,Windows,1920 x 1080,64,4.0,512,Var,Lenovo
929,22640,15.6,4,2.5,SSD,DDR4,Paylasimsiz,Yok,Windows,1920 x 1080,8,4.0,256,Var,Lenovo
936,38753,16,8,3.3,SSD,DDR4,Paylasimsiz,Yok,Windows,random_cznrlk,48,6.0,1280,Yok,Lenovo
937,21055,15.6,4,2.5,SSD,DDR4,Paylasimsiz,Yok,Freedos,1920 x 1080,32,4.0,1536,Var,Asus
938,26140,14,10,1.0,SSD,DDR4,Paylasimsiz,Var,Windows,1920 x 1080,16,2.0,512,Var,Lenovo
941,19540,17.3,4,1.3,SSD,DDR4,Paylasimsiz,Yok,Freedos,1920 x 1080,36,2.0,256,Var,Lenovo
942,12833,15.6,4,1.0,SSD,DDR4,Paylasimsiz,Yok,Windows,1366 x 768,4,2.0,256,Var,Asus
943,33590,14,4,2.8,SSD,DDR4,Paylasimsiz,Var,Freedos,1920 x 1080,16,2.0,1024,Var,Lenovo
945,43713,15.6,6,2.6,SSD,DDR4,Paylasimsiz,Var,Windows,1920 x 1080,32,3.0,1536,Var,Lenovo
946,20061,17.3,4,1.3,SSD,DDR4,Paylasimsiz,Yok,Freedos,1920 x 1080,36,2.0,512,Var,Lenovo
948,17417,14,4,1.0,HDD-SSD,DDR4,Paylasimsiz,Yok,Freedos,1920 x 1080,36,2.0,1280,Var,Lenovo
957,17956,15.6,4,2.8,SSD,DDR4,Paylasimsiz,Yok,Windows,1920 x 1080,8,2.0,512,Var,Dell
958,19940,15.6,4,2.8,HDD-SSD,DDR4,Paylasimsiz,Yok,Linux,1920 x 1080,16,2.0,3072,Var,Dell
962,17838,15.6,4,2.8,SSD,DDR4,Paylasimsiz,Yok,Windows,1920 x 1080,8,2.0,256,Var,Dell
972,42170,16,8,3.2,SSD,other_ram,Paylasimsiz,Var,Windows,random_cznrlk,16,6.0,512,Var,Lenovo
981,26647,14,4,2.8,SSD,DDR4,Paylasimsiz,Var,Windows,1920 x 1080,16,2.0,256,Var,Lenovo
